{
  "project_info": {
    "project_number": "35119351975",
    "project_id": "to-do-eb06c",
    "storage_bucket": "to-do-eb06c.firebasestorage.app"
  },
  "client": [
    {
      "client_info": {
        "mobilesdk_app_id": "1:35119351975:android:2fe6034fa02a3bfc037382",
        "android_client_info": {
          "package_name": "com.mycompany.todo"
        }
      },
      "oauth_client": [],
      "api_key": [
        {
          "current_key": "AIzaSyDtJ-oP39-S_MIOi6X3huhUDBvq0-hWodU"
        }
      ],
      "services": {
        "appinvite_service": {
          "other_platform_oauth_client": []
        }
      }
    }
  ],
  "configuration_version": "1"
}